marka,model,yil,km,vites,yakit,motor,kasa,hasar,fiyat
Renault,Talisman,2019,149998,manuel,dizel,1.3,sedan,var,1451246
BMW,M4,2019,136541,otomatik,dizel,1.3,suv,yok,805418
BMW,116i,2020,132069,manuel,benzin,1.6,sedan,yok,864774
Hyundai,Tucson,2023,114977,otomatik,dizel,1.5,sedan,var,753917
Ford,Focus,2018,129549,otomatik,benzin,1.3,hatchback,yok,1259470
Hyundai,i10,2023,166481,otomatik,benzin,2.0,sedan,var,591458
Mercedes,C180,2017,167139,otomatik,benzin,1.0,suv,var,100000
Mercedes,CLA200,2023,100381,otomatik,benzin,1.0,suv,var,856318
Honda,HR-V,2016,54627,otomatik,dizel,1.0,hatchback,var,1318739
Renault,Captur,2016,193422,manuel,benzin,1.6,suv,yok,546908
Hyundai,Tucson,2022,29037,otomatik,benzin,1.6,hatchback,yok,336661
Honda,Accord,2016,166459,otomatik,benzin,1.6,suv,yok,168497
Audi,Q7,2019,132761,otomatik,benzin,1.0,sedan,yok,100000
Ford,Mondeo,2022,53257,otomatik,dizel,1.3,hatchback,var,1084328
BMW,116i,2018,112806,otomatik,hybrid,1.6,suv,yok,1442624
Fiat,500X,2020,20285,otomatik,benzin,2.0,sedan,var,1433428
Mercedes,E250,2020,173110,otomatik,benzin,1.0,sedan,var,1085520
Ford,Fiesta,2021,112024,otomatik,dizel,1.5,suv,yok,614724
BMW,M4,2021,53203,manuel,dizel,1.6,suv,yok,969331
Toyota,Corolla,2019,27316,otomatik,hybrid,1.3,sedan,var,182563
Volkswagen,Arteon,2016,158631,otomatik,benzin,1.3,hatchback,yok,1568062
Audi,Q7,2016,6178,otomatik,benzin,1.6,sedan,yok,100000
Renault,Megane,2017,197305,otomatik,benzin,2.0,hatchback,yok,1205330
Volkswagen,Polo,2020,124696,otomatik,dizel,1.0,sedan,yok,170566
Hyundai,Kona,2020,181062,otomatik,dizel,1.6,suv,yok,740794
Renault,Talisman,2023,94166,otomatik,dizel,1.4,sedan,var,742422
Ford,Fiesta,2020,161668,otomatik,dizel,1.0,suv,yok,152692
BMW,320i,2015,18838,otomatik,dizel,1.3,sedan,yok,100000
Volkswagen,Golf,2016,79734,otomatik,dizel,1.3,suv,yok,1377164
Ford,Mondeo,2017,59261,manuel,benzin,1.4,hatchback,yok,178957
Toyota,Camry,2018,184984,otomatik,benzin,1.0,hatchback,var,309623
Mercedes,A180,2019,111879,manuel,benzin,1.5,suv,yok,484490
BMW,116i,2022,25416,otomatik,dizel,1.6,sedan,yok,1364518
Mercedes,CLA200,2020,146852,manuel,dizel,1.4,hatchback,yok,286189
BMW,X5,2023,153155,otomatik,dizel,1.6,hatchback,yok,1247537
Renault,Clio,2017,91262,manuel,dizel,2.0,sedan,yok,1393549
Toyota,C-HR,2015,55410,otomatik,benzin,1.0,hatchback,yok,1067024
Honda,CR-V,2021,100867,otomatik,dizel,1.0,sedan,var,1072053
Ford,Mondeo,2021,67656,otomatik,dizel,2.0,hatchback,yok,1636966
Renault,Kadjar,2020,16836,otomatik,dizel,2.0,suv,yok,399298
Fiat,500,2019,154639,otomatik,dizel,1.4,sedan,yok,1247543
Toyota,Camry,2017,176235,manuel,dizel,1.0,hatchback,yok,1014467
Ford,Fiesta,2017,127284,otomatik,dizel,1.3,suv,var,494086
Toyota,C-HR,2023,110190,manuel,elektrik,2.0,sedan,var,650322
Audi,A4,2018,12934,otomatik,dizel,1.6,sedan,var,100000
Ford,Mondeo,2017,55844,otomatik,dizel,2.0,suv,yok,1125739
Honda,Jazz,2016,127839,otomatik,dizel,1.6,sedan,yok,947542
BMW,X5,2019,27671,otomatik,dizel,2.0,sedan,yok,799695
Audi,Q5,2022,4768,otomatik,benzin,1.0,sedan,yok,934138
Mercedes,E250,2021,93658,manuel,dizel,1.3,sedan,yok,692323
Honda,Accord,2023,184055,otomatik,benzin,1.5,hatchback,yok,677122
Fiat,500,2020,144434,otomatik,dizel,1.6,hatchback,var,1362451
Hyundai,Kona,2017,55917,otomatik,benzin,1.6,suv,yok,618936
Renault,Clio,2021,171318,manuel,benzin,2.0,hatchback,var,487952
Renault,Kadjar,2016,144229,otomatik,dizel,2.0,suv,var,433994
Renault,Captur,2021,105657,otomatik,benzin,1.6,suv,yok,881290
Fiat,Tipo,2021,185509,manuel,dizel,1.0,sedan,yok,1306923
BMW,M4,2021,161210,otomatik,benzin,1.6,sedan,yok,489155
Audi,A4,2021,196227,otomatik,benzin,1.6,sedan,yok,1031789
Mercedes,E250,2016,185125,manuel,benzin,1.0,sedan,var,727161
Audi,A3,2019,151023,otomatik,benzin,1.3,hatchback,yok,1662383
Renault,Talisman,2019,56949,otomatik,benzin,1.5,suv,yok,673161
Toyota,RAV4,2021,148075,manuel,benzin,2.0,sedan,yok,1415620
Toyota,C-HR,2016,111156,otomatik,dizel,1.0,sedan,yok,795815
Honda,HR-V,2020,5808,manuel,dizel,1.5,sedan,var,822536
Toyota,RAV4,2015,194618,manuel,benzin,1.3,sedan,yok,290345
Honda,HR-V,2019,6810,otomatik,hybrid,1.6,sedan,var,231113
Fiat,500X,2023,1110,manuel,dizel,1.5,hatchback,var,1599034
Volkswagen,Tiguan,2022,185302,otomatik,dizel,2.0,sedan,yok,217256
BMW,320i,2017,183436,manuel,benzin,1.6,sedan,yok,570980
Fiat,500,2016,140809,manuel,dizel,1.5,sedan,yok,480987
Volkswagen,Golf,2022,130548,manuel,dizel,1.0,sedan,yok,461830
Fiat,500,2017,57730,otomatik,hybrid,1.6,sedan,yok,1337476
Honda,Jazz,2019,100095,otomatik,benzin,2.0,hatchback,yok,1145227
Renault,Talisman,2023,147087,manuel,dizel,1.4,hatchback,yok,281823
Toyota,C-HR,2018,118792,otomatik,dizel,1.5,hatchback,yok,530252
Volkswagen,Golf,2017,27950,otomatik,benzin,1.0,sedan,yok,624724
Mercedes,CLA200,2016,181653,otomatik,benzin,1.3,sedan,yok,1387872
Renault,Kadjar,2016,155372,otomatik,dizel,1.4,hatchback,yok,266134
Volkswagen,Arteon,2016,156826,otomatik,dizel,1.0,hatchback,yok,758553
Fiat,Egea,2022,48968,manuel,dizel,1.6,suv,yok,1071640
Audi,Q7,2019,92691,otomatik,elektrik,1.5,sedan,yok,959781
BMW,320i,2018,176177,manuel,dizel,1.5,sedan,yok,397368
Renault,Clio,2023,45105,otomatik,benzin,1.3,sedan,yok,1816133
Audi,Q5,2020,125400,otomatik,dizel,1.3,sedan,var,1003408
Volkswagen,Passat,2022,95124,otomatik,hybrid,1.5,sedan,yok,442075
Honda,HR-V,2015,63166,manuel,hybrid,1.0,sedan,yok,209561
Hyundai,Tucson,2017,83924,otomatik,dizel,1.5,sedan,yok,1414693
Toyota,Yaris,2020,142501,otomatik,hybrid,1.3,sedan,yok,1213794
Honda,CR-V,2015,171016,manuel,benzin,2.0,suv,var,940467
Renault,Megane,2016,92291,manuel,dizel,1.0,hatchback,var,403912
Audi,A3,2021,123469,manuel,elektrik,1.0,hatchback,yok,1443611
Hyundai,i10,2021,78785,manuel,benzin,2.0,sedan,yok,698129
Audi,A3,2018,47913,otomatik,benzin,1.0,hatchback,yok,355942
Renault,Kadjar,2018,182632,otomatik,hybrid,1.6,hatchback,yok,455749
Mercedes,GLA200,2023,82150,otomatik,benzin,1.6,suv,yok,431407
Honda,Jazz,2015,23574,otomatik,benzin,1.0,hatchback,yok,1066634
Fiat,500,2022,46978,otomatik,benzin,2.0,suv,yok,497040
Honda,Jazz,2022,103326,manuel,benzin,1.4,sedan,yok,1479282
Fiat,Tipo,2017,190412,otomatik,benzin,1.6,sedan,yok,1612816
Audi,A3,2020,136287,otomatik,hybrid,2.0,hatchback,yok,1113317
Ford,Mondeo,2015,138744,manuel,benzin,1.0,sedan,yok,100000
Fiat,Egea,2019,65589,otomatik,dizel,1.5,hatchback,yok,1255888
Honda,HR-V,2017,88865,manuel,elektrik,1.3,hatchback,yok,100000
Audi,Q5,2016,144728,manuel,benzin,2.0,suv,yok,763451
Mercedes,C180,2019,101877,manuel,hybrid,1.5,sedan,yok,1149639
Ford,Focus,2015,62987,otomatik,hybrid,1.5,sedan,var,680820
Volkswagen,Tiguan,2017,88754,otomatik,benzin,1.4,sedan,yok,939655
Ford,Kuga,2015,135818,otomatik,benzin,1.6,sedan,yok,380936
Mercedes,CLA200,2017,23834,manuel,dizel,2.0,suv,var,1544878
Ford,Puma,2020,119921,otomatik,hybrid,1.6,hatchback,yok,342485
BMW,116i,2015,47040,otomatik,benzin,1.6,suv,yok,736176
Hyundai,i10,2017,45875,otomatik,hybrid,2.0,hatchback,var,1445591
Volkswagen,Polo,2019,156709,otomatik,benzin,2.0,sedan,yok,1509406
Hyundai,i30,2020,163093,otomatik,elektrik,1.0,sedan,yok,608673
Mercedes,A180,2015,87693,manuel,dizel,1.0,hatchback,yok,114511
Fiat,500,2018,110564,manuel,dizel,1.3,hatchback,yok,833148
BMW,116i,2023,100779,manuel,elektrik,2.0,sedan,yok,995822
Fiat,500X,2018,58916,otomatik,benzin,1.5,sedan,yok,277983
Hyundai,i20,2016,101328,otomatik,benzin,1.5,sedan,var,118551
Renault,Megane,2021,171647,otomatik,hybrid,2.0,sedan,yok,1313854
BMW,M4,2016,187936,otomatik,hybrid,1.3,sedan,yok,897108
Honda,Accord,2021,16932,otomatik,benzin,1.4,sedan,yok,1010950
Mercedes,GLA200,2016,125579,manuel,hybrid,1.5,sedan,yok,1285857
Renault,Megane,2023,103054,otomatik,dizel,1.6,hatchback,yok,1807141
Renault,Kadjar,2022,152898,manuel,benzin,1.3,hatchback,yok,1364214
BMW,320i,2020,141289,otomatik,hybrid,1.5,hatchback,yok,1258095
Hyundai,Kona,2017,189912,otomatik,elektrik,1.0,sedan,yok,463378
Volkswagen,Polo,2022,79963,otomatik,benzin,1.3,sedan,var,1742356
Fiat,Egea,2019,74821,otomatik,benzin,1.3,sedan,yok,715735
Renault,Talisman,2023,124818,manuel,dizel,1.6,hatchback,var,869531
Audi,Q5,2021,189487,otomatik,benzin,1.6,sedan,yok,1811284
BMW,116i,2018,9656,otomatik,dizel,1.4,hatchback,yok,100000
Honda,CR-V,2019,182287,otomatik,benzin,2.0,hatchback,yok,619151
Volkswagen,Polo,2017,26659,manuel,hybrid,2.0,suv,yok,1202022
Hyundai,Kona,2022,154497,manuel,benzin,1.0,suv,yok,1555082
Fiat,Tipo,2021,46202,otomatik,benzin,1.6,suv,yok,1121601
Renault,Talisman,2022,33453,manuel,dizel,1.0,sedan,yok,306837
Audi,A3,2018,104234,otomatik,hybrid,1.3,hatchback,var,869746
Volkswagen,Arteon,2022,150506,otomatik,benzin,1.0,sedan,yok,536740
Audi,Q7,2020,158651,otomatik,benzin,2.0,hatchback,var,304090
Ford,Focus,2016,137843,otomatik,benzin,1.5,suv,yok,251782
Volkswagen,Tiguan,2022,104536,otomatik,hybrid,1.5,hatchback,yok,948467
Honda,CR-V,2017,81585,manuel,benzin,2.0,sedan,yok,1473582
Audi,A6,2023,135843,otomatik,dizel,1.6,sedan,var,1801797
Honda,CR-V,2016,16291,otomatik,dizel,1.3,sedan,yok,878632
Mercedes,A180,2016,65535,otomatik,benzin,1.0,hatchback,var,1473382
Renault,Megane,2016,150879,manuel,elektrik,1.3,suv,var,863770
BMW,520i,2023,8846,otomatik,benzin,1.6,sedan,yok,1348636
Fiat,Egea,2017,173761,otomatik,elektrik,1.0,sedan,var,1050185
Ford,Focus,2015,132464,otomatik,hybrid,1.3,sedan,yok,849470
Volkswagen,Golf,2020,27434,manuel,benzin,1.5,sedan,yok,1729045
Ford,Kuga,2016,72713,manuel,benzin,2.0,hatchback,yok,365562
BMW,X5,2021,167617,manuel,benzin,1.4,hatchback,yok,1172834
Renault,Talisman,2020,153531,otomatik,benzin,1.3,sedan,yok,1098051
Ford,Puma,2020,114206,otomatik,dizel,1.6,sedan,yok,1342831
Hyundai,Kona,2019,97679,otomatik,hybrid,2.0,suv,yok,964681
Renault,Captur,2022,76906,otomatik,elektrik,1.4,suv,var,1165096
Renault,Megane,2022,126047,otomatik,dizel,1.4,hatchback,yok,1253538
Fiat,500X,2015,81303,otomatik,dizel,1.3,sedan,yok,972747
Hyundai,i30,2020,75222,manuel,hybrid,1.4,sedan,yok,372362
Fiat,500X,2016,182747,otomatik,benzin,1.3,sedan,var,849970
Volkswagen,Tiguan,2017,133801,otomatik,dizel,1.4,sedan,var,244419
Fiat,Egea,2016,191382,manuel,dizel,1.3,sedan,yok,1397252
Mercedes,A180,2023,108701,otomatik,benzin,2.0,sedan,yok,1378505
BMW,X5,2018,76441,otomatik,dizel,1.4,sedan,yok,742895
Mercedes,E250,2016,155382,manuel,benzin,2.0,suv,var,729960
Ford,Mondeo,2023,25458,otomatik,dizel,1.5,sedan,yok,391598
Volkswagen,Golf,2018,26932,otomatik,dizel,1.4,sedan,yok,461134
Honda,Civic,2018,150897,otomatik,dizel,1.4,hatchback,yok,588451
Renault,Clio,2020,199370,otomatik,hybrid,1.6,sedan,yok,1206288
Ford,Puma,2021,181732,manuel,benzin,2.0,hatchback,yok,1388497
BMW,M4,2016,162351,otomatik,benzin,1.6,sedan,yok,636834
Toyota,Corolla,2019,22283,otomatik,benzin,1.3,suv,yok,1333837
Renault,Talisman,2018,134298,otomatik,benzin,1.6,sedan,yok,1647577
Toyota,C-HR,2016,88513,otomatik,hybrid,1.3,sedan,yok,1547213
Ford,Fiesta,2020,168370,otomatik,dizel,1.0,sedan,yok,1091909
Renault,Kadjar,2015,105885,otomatik,dizel,1.6,hatchback,yok,1004891
Renault,Talisman,2020,32895,manuel,benzin,1.0,hatchback,var,640406
Ford,Fiesta,2017,52048,otomatik,dizel,2.0,suv,yok,847017
Ford,Fiesta,2023,142509,manuel,elektrik,2.0,hatchback,var,955094
Toyota,C-HR,2015,39934,otomatik,dizel,2.0,sedan,yok,1007040
Fiat,Egea,2017,18318,otomatik,benzin,1.5,sedan,yok,809391
Hyundai,Tucson,2023,182452,otomatik,benzin,1.0,hatchback,yok,503903
Toyota,Corolla,2020,104464,otomatik,hybrid,1.0,sedan,yok,1248748
Volkswagen,Polo,2020,75391,manuel,benzin,1.4,suv,yok,216774
Volkswagen,Golf,2023,76833,otomatik,hybrid,1.5,sedan,yok,1611122
Volkswagen,Passat,2021,168805,manuel,benzin,1.6,sedan,var,1378259
Honda,Civic,2021,9301,otomatik,hybrid,1.0,hatchback,yok,1201051
Honda,HR-V,2020,67626,otomatik,dizel,1.5,sedan,yok,776256
BMW,520i,2018,92015,manuel,benzin,1.3,sedan,yok,844195
BMW,116i,2020,43722,otomatik,hybrid,1.4,sedan,yok,1558420
BMW,X5,2016,54184,otomatik,benzin,2.0,suv,var,325312
Fiat,500X,2022,167807,otomatik,hybrid,2.0,hatchback,var,1278686
Audi,Q5,2022,82616,manuel,elektrik,1.4,suv,var,1492419
Volkswagen,Golf,2017,41176,otomatik,benzin,2.0,sedan,yok,681038
BMW,320i,2018,14083,otomatik,benzin,1.3,sedan,yok,817329
Ford,Mondeo,2017,100689,otomatik,benzin,2.0,sedan,yok,100000
Fiat,500,2018,12804,otomatik,benzin,1.0,sedan,yok,791597
Toyota,Camry,2020,170267,otomatik,benzin,1.3,hatchback,yok,527807
Fiat,Tipo,2016,61880,otomatik,benzin,1.6,sedan,yok,100000
Honda,Civic,2016,199617,otomatik,benzin,1.5,sedan,yok,1330942
Renault,Megane,2018,98812,otomatik,dizel,1.4,hatchback,var,1591175
Volkswagen,Arteon,2016,77594,manuel,hybrid,1.6,suv,yok,237479
Renault,Megane,2019,90051,manuel,dizel,1.5,suv,yok,472094
Renault,Kadjar,2020,98348,manuel,hybrid,1.4,suv,yok,954282
Renault,Megane,2021,104523,manuel,benzin,1.4,sedan,yok,1543162
Toyota,C-HR,2016,151153,otomatik,benzin,1.6,sedan,var,1118662
Audi,Q5,2022,83687,otomatik,benzin,1.4,sedan,yok,637397
BMW,320i,2016,35762,otomatik,dizel,1.4,suv,yok,1123999
Honda,CR-V,2019,31228,manuel,dizel,2.0,hatchback,yok,1012705
Fiat,500,2016,47567,otomatik,benzin,1.4,sedan,var,529356
Honda,HR-V,2017,14111,manuel,elektrik,1.0,sedan,yok,1016730
BMW,M4,2020,144273,manuel,hybrid,1.3,sedan,yok,907140
Ford,Mondeo,2017,123452,otomatik,benzin,1.3,sedan,yok,1005711
Honda,Civic,2018,27041,otomatik,benzin,1.4,sedan,var,1182182
Honda,Accord,2015,188723,otomatik,benzin,1.6,sedan,yok,530756
Audi,A4,2017,123386,manuel,benzin,1.0,suv,var,1072347
Volkswagen,Arteon,2023,175109,otomatik,dizel,1.6,hatchback,yok,674461
Toyota,Yaris,2019,10351,otomatik,benzin,1.4,sedan,yok,1524377
Mercedes,A180,2023,118959,otomatik,benzin,1.5,sedan,yok,909537
Ford,Puma,2021,163122,otomatik,benzin,1.4,hatchback,var,1787487
Renault,Clio,2022,75414,otomatik,hybrid,1.6,suv,var,592351
Hyundai,i30,2021,102213,manuel,benzin,2.0,hatchback,yok,561238
Mercedes,CLA200,2017,153625,otomatik,benzin,1.6,suv,yok,1110099
Mercedes,CLA200,2020,99494,manuel,hybrid,1.0,suv,yok,862604
Renault,Kadjar,2019,50490,otomatik,dizel,1.6,sedan,yok,510102
Fiat,Panda,2016,75531,otomatik,dizel,1.4,sedan,var,1367892
Ford,Puma,2017,178981,otomatik,benzin,1.5,suv,yok,1085355
Renault,Kadjar,2023,42857,otomatik,hybrid,1.5,hatchback,yok,782120
Fiat,Panda,2022,157044,manuel,dizel,1.4,suv,yok,1569366
BMW,320i,2017,60546,otomatik,dizel,2.0,sedan,yok,513186
Fiat,Tipo,2020,122137,otomatik,dizel,1.4,sedan,yok,742680
Fiat,Tipo,2019,84533,manuel,elektrik,1.0,sedan,yok,1333336
Audi,A3,2023,58705,manuel,hybrid,1.0,sedan,yok,355444
Renault,Clio,2021,113911,otomatik,benzin,2.0,sedan,yok,894707
Ford,Mondeo,2016,68452,otomatik,dizel,1.0,suv,yok,1404019
Fiat,500X,2022,32697,otomatik,benzin,1.5,hatchback,yok,760244
Honda,Civic,2023,120610,otomatik,benzin,1.4,hatchback,yok,1610746
Mercedes,GLA200,2021,38222,otomatik,benzin,1.0,sedan,yok,530354
Fiat,Panda,2020,55717,otomatik,benzin,1.6,sedan,yok,1551471
Mercedes,GLA200,2017,12050,manuel,benzin,1.6,sedan,yok,432397
Renault,Talisman,2021,127638,otomatik,hybrid,1.4,hatchback,yok,348581
Toyota,Yaris,2015,9368,otomatik,hybrid,1.6,sedan,yok,175282
Ford,Puma,2021,75042,otomatik,benzin,1.3,suv,yok,1443578
Renault,Captur,2018,68411,otomatik,dizel,2.0,suv,var,1541081
BMW,M4,2020,134272,otomatik,dizel,1.6,sedan,yok,896358
Renault,Clio,2023,171081,otomatik,dizel,1.4,sedan,yok,392248
Honda,Jazz,2019,164333,otomatik,benzin,1.5,suv,yok,1586083
Hyundai,i20,2017,43405,otomatik,dizel,1.4,hatchback,yok,795675
Mercedes,CLA200,2016,107283,otomatik,benzin,2.0,suv,var,860778
BMW,520i,2019,19836,otomatik,benzin,1.3,sedan,yok,1320931
Toyota,RAV4,2018,120851,manuel,benzin,1.3,hatchback,var,1162165
Hyundai,Tucson,2016,45183,manuel,hybrid,1.6,sedan,yok,1076788
Volkswagen,Arteon,2018,83395,otomatik,benzin,1.0,suv,var,440847
BMW,116i,2023,98963,manuel,dizel,1.6,sedan,yok,442239
Fiat,500X,2019,115679,manuel,dizel,1.6,sedan,yok,221539
BMW,X5,2021,111443,otomatik,hybrid,1.4,suv,yok,1000945
Toyota,Yaris,2021,45095,otomatik,dizel,1.4,sedan,yok,941177
BMW,520i,2022,87478,manuel,benzin,1.3,suv,yok,598246
Toyota,Corolla,2023,197567,otomatik,benzin,1.6,hatchback,var,900716
Honda,HR-V,2017,7502,otomatik,benzin,1.3,hatchback,yok,1345264
Honda,Jazz,2021,107351,otomatik,hybrid,1.6,hatchback,yok,1203257
Hyundai,i10,2020,180888,manuel,dizel,1.5,sedan,yok,351236
Renault,Kadjar,2016,138141,manuel,hybrid,2.0,sedan,yok,469766
Renault,Kadjar,2016,73224,otomatik,dizel,1.5,hatchback,yok,100000
Hyundai,Kona,2018,118688,otomatik,hybrid,1.3,sedan,var,274974
Honda,HR-V,2020,164433,manuel,benzin,2.0,sedan,yok,132104
Ford,Focus,2023,127735,manuel,dizel,1.4,sedan,yok,645112
Ford,Puma,2016,83537,otomatik,hybrid,2.0,sedan,var,1494418
Volkswagen,Tiguan,2020,35768,manuel,hybrid,1.0,hatchback,yok,1246383
Volkswagen,Golf,2023,25494,manuel,dizel,1.6,suv,yok,340034
Fiat,500X,2023,177604,otomatik,benzin,1.4,hatchback,yok,419776
Mercedes,E250,2018,21204,otomatik,benzin,1.3,sedan,yok,1122095
Renault,Clio,2023,186841,otomatik,dizel,2.0,sedan,yok,850654
Hyundai,i10,2019,117297,otomatik,hybrid,1.5,sedan,yok,334153
Honda,Accord,2015,165978,manuel,benzin,2.0,suv,yok,832790
Ford,Puma,2019,186963,manuel,benzin,1.4,hatchback,yok,1492971
Honda,Accord,2019,15614,otomatik,hybrid,1.5,hatchback,yok,1131098
Mercedes,CLA200,2015,130139,manuel,benzin,1.4,hatchback,yok,1453812
Volkswagen,Polo,2018,73190,manuel,benzin,1.3,sedan,yok,100000
Volkswagen,Arteon,2015,27576,otomatik,benzin,1.4,sedan,yok,969510
Fiat,Tipo,2023,105327,otomatik,benzin,1.3,sedan,yok,1562490
Hyundai,i20,2023,73240,otomatik,dizel,1.3,sedan,yok,497361
Hyundai,Tucson,2021,35233,otomatik,elektrik,1.3,sedan,yok,1769466
Audi,Q5,2023,97248,otomatik,dizel,1.4,sedan,yok,1711223
Audi,A3,2020,112050,manuel,hybrid,1.6,suv,yok,244823
Fiat,Panda,2019,172515,otomatik,benzin,2.0,sedan,yok,1205153
BMW,116i,2015,195965,otomatik,benzin,1.4,sedan,yok,1201862
Volkswagen,Tiguan,2023,84209,otomatik,benzin,1.5,sedan,yok,832173
Mercedes,GLA200,2023,24400,manuel,benzin,1.3,sedan,yok,554472
Renault,Megane,2021,41841,otomatik,dizel,1.0,sedan,yok,449563
Hyundai,Tucson,2020,130870,otomatik,dizel,2.0,sedan,var,1687624
Fiat,500,2016,104837,manuel,hybrid,1.3,sedan,yok,1569101
Toyota,RAV4,2022,73987,otomatik,benzin,1.4,sedan,var,482099
Audi,A4,2021,106090,otomatik,benzin,1.0,suv,var,735402
Volkswagen,Golf,2015,1629,otomatik,dizel,1.0,sedan,var,923105
Renault,Clio,2018,199866,otomatik,benzin,1.3,sedan,var,1038684
Honda,Civic,2022,106913,otomatik,benzin,1.6,sedan,var,486766
BMW,116i,2020,179887,otomatik,dizel,1.5,sedan,yok,835896
BMW,X5,2016,162440,otomatik,elektrik,1.3,hatchback,var,1357621
Mercedes,C180,2018,2539,otomatik,dizel,2.0,suv,yok,953634
Toyota,Yaris,2019,171638,otomatik,benzin,1.3,sedan,yok,442305
Mercedes,E250,2018,1540,otomatik,dizel,1.5,sedan,yok,1418867
Fiat,Tipo,2018,169363,manuel,dizel,1.0,suv,yok,1333789
Mercedes,C180,2015,151882,manuel,dizel,1.3,hatchback,yok,1528465
Mercedes,A180,2021,41937,otomatik,elektrik,1.0,suv,yok,295996
BMW,320i,2022,20119,otomatik,elektrik,2.0,suv,var,1711877
Hyundai,Tucson,2018,15220,otomatik,benzin,1.0,sedan,yok,1549666
Audi,A6,2018,196470,otomatik,dizel,1.3,sedan,yok,534717
Toyota,Yaris,2023,105672,otomatik,hybrid,2.0,suv,yok,1404852
Fiat,Egea,2018,187292,otomatik,dizel,1.0,suv,yok,1229326
Fiat,Egea,2017,90917,otomatik,hybrid,2.0,sedan,var,100000
Toyota,Yaris,2015,17965,manuel,dizel,1.0,suv,yok,312471
Volkswagen,Arteon,2020,171618,otomatik,hybrid,1.0,sedan,yok,1767152
Mercedes,A180,2015,174149,otomatik,benzin,1.3,suv,var,100000
Ford,Mondeo,2022,187626,manuel,benzin,1.5,sedan,yok,1044880
Renault,Talisman,2017,9016,manuel,hybrid,1.6,hatchback,yok,1103905
Honda,Civic,2016,55827,manuel,benzin,1.6,sedan,yok,493712
Honda,HR-V,2021,9651,otomatik,benzin,2.0,sedan,yok,847200
Volkswagen,Polo,2016,178878,otomatik,benzin,1.5,hatchback,yok,1357980
Mercedes,A180,2021,113954,otomatik,dizel,1.4,sedan,yok,1645964
Ford,Kuga,2016,1199,manuel,dizel,1.6,hatchback,yok,1382158
Ford,Fiesta,2015,118570,otomatik,hybrid,1.5,hatchback,yok,1506179
Renault,Captur,2017,157085,otomatik,elektrik,1.5,sedan,yok,1012768
Toyota,Corolla,2017,11329,otomatik,benzin,1.4,hatchback,var,1359844
Honda,Accord,2015,142378,otomatik,hybrid,1.0,sedan,yok,100000
Audi,A3,2016,35896,otomatik,benzin,1.6,suv,yok,226738
Toyota,Yaris,2019,122642,otomatik,benzin,1.6,sedan,var,273095
BMW,X5,2022,66422,otomatik,benzin,2.0,suv,yok,1558208
Renault,Megane,2015,184673,otomatik,dizel,1.3,suv,yok,805084
Hyundai,Kona,2022,167230,otomatik,dizel,1.4,sedan,yok,904847
BMW,320i,2020,20038,otomatik,benzin,1.5,sedan,yok,1661893
Toyota,C-HR,2020,39416,manuel,dizel,1.3,suv,yok,1005819
Honda,CR-V,2021,150179,manuel,benzin,1.4,suv,yok,772075
Toyota,Yaris,2021,75192,otomatik,benzin,2.0,sedan,yok,973554
Hyundai,Tucson,2018,111974,otomatik,dizel,1.6,sedan,yok,1054619
Ford,Fiesta,2020,30940,otomatik,dizel,1.4,sedan,var,740709
Hyundai,i30,2016,41136,otomatik,dizel,1.3,hatchback,yok,496709
Toyota,Corolla,2022,166089,otomatik,benzin,1.0,hatchback,yok,1276601
Toyota,RAV4,2023,7260,otomatik,dizel,1.6,sedan,yok,611962
Fiat,500,2020,53231,manuel,dizel,1.3,sedan,var,294337
Ford,Mondeo,2019,117913,otomatik,dizel,1.0,sedan,yok,658174
Ford,Kuga,2023,142457,manuel,benzin,1.4,sedan,yok,1169008
Fiat,Egea,2015,13258,manuel,benzin,1.5,hatchback,var,434980
Ford,Fiesta,2021,176504,otomatik,dizel,1.4,sedan,yok,672792
Fiat,Panda,2015,161667,manuel,benzin,1.0,suv,yok,1028012
Honda,Accord,2020,188961,manuel,benzin,2.0,sedan,yok,1423651
Volkswagen,Passat,2019,31493,manuel,benzin,1.5,sedan,var,996302
Ford,Focus,2021,69771,otomatik,dizel,1.5,hatchback,var,1526298
Volkswagen,Polo,2023,49274,otomatik,dizel,1.3,suv,yok,1145391
Renault,Megane,2022,14049,otomatik,elektrik,1.6,suv,yok,954141
Hyundai,Kona,2023,158765,otomatik,benzin,1.3,hatchback,yok,1832205
Mercedes,CLA200,2022,134921,otomatik,dizel,1.5,sedan,yok,671493
BMW,X5,2019,124755,manuel,benzin,2.0,hatchback,yok,1423615
Toyota,C-HR,2018,166945,otomatik,benzin,1.4,sedan,yok,1243162
Toyota,C-HR,2022,18179,otomatik,benzin,1.3,hatchback,yok,1555779
BMW,X5,2019,24149,otomatik,hybrid,2.0,hatchback,yok,922210
Renault,Kadjar,2015,4614,manuel,benzin,1.6,sedan,var,965144
Ford,Focus,2021,14191,otomatik,dizel,1.5,sedan,yok,1647104
Volkswagen,Arteon,2017,3198,otomatik,benzin,1.0,sedan,yok,1496350
Volkswagen,Polo,2015,37266,otomatik,dizel,1.5,hatchback,yok,1345628
Audi,A3,2020,74657,otomatik,hybrid,1.3,suv,yok,1113620
Audi,A3,2020,105340,otomatik,hybrid,1.4,sedan,yok,468908
BMW,X5,2021,31307,otomatik,dizel,1.4,hatchback,var,863996
Fiat,500X,2022,24868,otomatik,benzin,1.0,sedan,var,658923
Hyundai,Tucson,2018,92385,otomatik,hybrid,1.4,sedan,yok,1364795
Honda,Accord,2021,128081,otomatik,dizel,1.6,sedan,yok,1476454
Volkswagen,Passat,2017,156674,otomatik,benzin,1.4,hatchback,var,256265
BMW,X5,2017,102721,manuel,hybrid,1.4,suv,yok,1160889
Volkswagen,Arteon,2021,75974,otomatik,benzin,1.4,hatchback,yok,1256653
Hyundai,Kona,2023,25043,manuel,benzin,1.3,sedan,yok,1530481
Mercedes,A180,2021,101356,otomatik,hybrid,1.5,suv,yok,1663703
Fiat,500X,2022,184848,manuel,benzin,2.0,sedan,yok,1556332
Toyota,RAV4,2016,86583,manuel,dizel,1.5,sedan,yok,530921
Ford,Puma,2020,104747,otomatik,benzin,1.3,suv,yok,651611
Fiat,Tipo,2023,109621,otomatik,dizel,1.0,hatchback,yok,310372
Renault,Kadjar,2022,54857,manuel,dizel,1.0,sedan,var,626227
Volkswagen,Golf,2022,32542,otomatik,dizel,1.0,suv,yok,289397
Volkswagen,Golf,2016,157625,otomatik,hybrid,1.4,sedan,yok,293392
Ford,Kuga,2022,75688,otomatik,benzin,1.0,hatchback,yok,402960
BMW,116i,2021,39972,manuel,benzin,1.6,sedan,yok,1719483
Renault,Megane,2015,32582,otomatik,dizel,1.0,sedan,yok,1442697
Ford,Mondeo,2016,73189,otomatik,benzin,1.3,hatchback,yok,1034322
Ford,Fiesta,2023,37203,otomatik,dizel,1.4,hatchback,yok,1903159
Audi,Q5,2016,78102,manuel,benzin,1.3,sedan,yok,179318
Hyundai,i30,2019,56188,otomatik,benzin,2.0,hatchback,var,247406
Ford,Mondeo,2018,197406,otomatik,dizel,1.3,sedan,yok,800588
Volkswagen,Polo,2022,143393,manuel,elektrik,1.0,sedan,yok,975577
Toyota,RAV4,2023,84273,manuel,dizel,1.4,suv,yok,841986
Mercedes,C180,2019,117192,otomatik,benzin,1.3,sedan,var,1694293
Volkswagen,Passat,2015,49171,otomatik,dizel,1.5,sedan,yok,306837
Toyota,C-HR,2016,148034,otomatik,dizel,1.0,sedan,yok,1519939
Toyota,RAV4,2020,111715,otomatik,dizel,1.4,hatchback,var,1203681
Hyundai,i10,2019,101578,otomatik,dizel,2.0,sedan,yok,1365742
Volkswagen,Golf,2018,18310,otomatik,dizel,1.4,sedan,yok,224771
Audi,A4,2015,115563,otomatik,benzin,1.4,sedan,yok,100000
Toyota,RAV4,2017,166577,manuel,hybrid,2.0,suv,yok,1593101
Mercedes,E250,2021,175557,otomatik,dizel,1.3,sedan,yok,1368481
Hyundai,Kona,2018,113765,otomatik,benzin,1.0,suv,yok,1592471
Volkswagen,Arteon,2021,70723,otomatik,benzin,1.0,sedan,yok,1312833
Audi,A4,2015,90235,otomatik,benzin,1.5,sedan,yok,480170
Honda,Jazz,2021,167989,otomatik,benzin,1.6,sedan,yok,1183927
Hyundai,Kona,2023,13254,otomatik,dizel,1.3,suv,yok,1553344
Renault,Megane,2021,55180,manuel,benzin,1.6,sedan,yok,159114
Audi,A4,2015,185812,otomatik,hybrid,2.0,suv,var,618458
Honda,Jazz,2019,199881,otomatik,benzin,1.3,sedan,yok,1266518
Renault,Clio,2016,5362,otomatik,benzin,1.4,hatchback,var,152893
Toyota,Camry,2023,153194,manuel,benzin,1.5,sedan,yok,1114311
Hyundai,Kona,2020,50771,otomatik,benzin,1.3,sedan,yok,1109418
Volkswagen,Passat,2018,31831,otomatik,dizel,1.3,sedan,yok,1576821
Volkswagen,Polo,2016,7572,otomatik,dizel,1.6,sedan,yok,923380
Volkswagen,Tiguan,2023,153468,manuel,dizel,1.5,sedan,yok,543895
Renault,Kadjar,2015,159789,manuel,dizel,1.6,hatchback,yok,416699
Toyota,Yaris,2017,101646,otomatik,benzin,2.0,suv,var,1218770
Hyundai,Tucson,2016,187344,otomatik,dizel,2.0,sedan,var,100000
Renault,Talisman,2017,7416,otomatik,dizel,1.4,hatchback,var,1534700
Fiat,500X,2015,104272,otomatik,dizel,1.6,hatchback,yok,882481
Toyota,Yaris,2023,117207,otomatik,benzin,2.0,hatchback,var,638233
Fiat,Tipo,2015,194221,otomatik,dizel,1.5,hatchback,var,1300819
Volkswagen,Golf,2015,110261,manuel,dizel,1.0,sedan,yok,1493611
Toyota,Camry,2017,178621,otomatik,benzin,1.4,hatchback,yok,1241153
BMW,X5,2022,21358,manuel,elektrik,1.0,sedan,yok,483749
Renault,Talisman,2019,3697,otomatik,dizel,1.3,sedan,yok,100000
Audi,A4,2017,136427,manuel,hybrid,2.0,sedan,yok,158221
Toyota,C-HR,2016,147935,otomatik,benzin,1.4,sedan,var,791497
Volkswagen,Passat,2017,156876,otomatik,dizel,1.3,sedan,yok,334574
Toyota,Yaris,2019,51684,otomatik,dizel,1.0,hatchback,yok,1333707
Ford,Kuga,2023,35228,otomatik,dizel,2.0,hatchback,var,1213966
Fiat,500X,2019,124174,otomatik,benzin,1.0,suv,yok,1559929
Toyota,Corolla,2020,87251,manuel,benzin,1.3,hatchback,yok,1422330
Renault,Clio,2017,5621,otomatik,benzin,1.6,suv,yok,1555679
Volkswagen,Polo,2017,179122,otomatik,dizel,1.0,sedan,yok,100000
Renault,Clio,2018,182037,otomatik,benzin,1.6,hatchback,var,586506
Renault,Captur,2018,160787,otomatik,benzin,1.4,suv,var,937906
BMW,520i,2018,129870,otomatik,elektrik,1.3,suv,yok,1048975
Hyundai,i20,2016,80066,manuel,elektrik,2.0,suv,var,327196
Renault,Kadjar,2016,83849,manuel,dizel,1.3,sedan,yok,194468
Ford,Fiesta,2021,19397,manuel,dizel,1.3,sedan,var,1372911
BMW,320i,2022,181940,manuel,benzin,1.4,sedan,yok,771500
Hyundai,i20,2020,55076,otomatik,dizel,1.3,hatchback,var,1037045
BMW,116i,2021,4748,otomatik,benzin,1.5,hatchback,yok,481177
Ford,Puma,2020,65974,otomatik,dizel,2.0,sedan,yok,976512
Audi,A3,2021,190505,otomatik,benzin,2.0,hatchback,yok,1297541
Renault,Captur,2023,67763,manuel,dizel,2.0,sedan,yok,1650880
Fiat,500X,2020,107190,otomatik,dizel,1.3,sedan,yok,161843
Volkswagen,Polo,2018,187237,otomatik,hybrid,1.4,hatchback,var,1675831
Renault,Kadjar,2016,176440,otomatik,benzin,1.4,sedan,yok,1311453
Mercedes,A180,2016,169041,otomatik,benzin,1.0,sedan,yok,703548
Audi,A4,2015,182374,manuel,benzin,1.4,sedan,var,544576
Hyundai,i30,2020,164792,otomatik,benzin,1.3,sedan,var,582191
Mercedes,A180,2018,72161,manuel,dizel,1.6,suv,yok,662345
Honda,HR-V,2018,127484,otomatik,benzin,1.3,sedan,yok,1247165
BMW,520i,2018,180510,otomatik,hybrid,2.0,suv,yok,1366712
Ford,Mondeo,2021,173443,otomatik,benzin,1.4,hatchback,var,1573076
Mercedes,E250,2016,39533,manuel,dizel,1.4,hatchback,yok,1094310
Hyundai,i10,2015,46485,otomatik,benzin,1.4,sedan,var,1136527
Mercedes,E250,2021,184272,otomatik,benzin,1.4,sedan,yok,901440
Toyota,Camry,2018,41648,otomatik,dizel,1.6,sedan,yok,1624739
Ford,Kuga,2019,26982,manuel,hybrid,1.5,hatchback,yok,100000
Mercedes,CLA200,2017,198595,manuel,hybrid,1.3,suv,var,808550
Hyundai,i30,2023,20528,manuel,benzin,1.4,suv,yok,1036902
Volkswagen,Tiguan,2016,154589,manuel,benzin,1.3,suv,yok,404313
Volkswagen,Polo,2020,10952,otomatik,elektrik,2.0,hatchback,yok,384211
Mercedes,A180,2021,71635,manuel,benzin,1.0,suv,yok,1563576
Mercedes,E250,2017,64775,otomatik,hybrid,1.0,sedan,yok,510774
Toyota,Corolla,2017,108132,otomatik,dizel,1.4,hatchback,var,350723
Mercedes,E250,2020,118469,manuel,elektrik,1.5,hatchback,yok,435353
BMW,M4,2016,130832,otomatik,dizel,1.0,hatchback,var,816084
BMW,320i,2015,28308,otomatik,dizel,1.4,suv,yok,100000
BMW,X5,2021,171450,otomatik,hybrid,1.5,suv,yok,195683
BMW,116i,2017,179501,otomatik,dizel,2.0,suv,yok,867824
Mercedes,CLA200,2019,148307,manuel,dizel,1.5,hatchback,yok,1343378
Toyota,Corolla,2015,77712,manuel,dizel,1.5,hatchback,var,279942
Audi,A6,2015,125601,otomatik,hybrid,1.6,hatchback,yok,1294499
Ford,Kuga,2021,59373,otomatik,benzin,1.3,sedan,yok,872975
Renault,Megane,2018,35198,otomatik,elektrik,2.0,hatchback,yok,1418904
Volkswagen,Polo,2020,10810,manuel,dizel,1.3,hatchback,yok,603145
Ford,Mondeo,2017,142574,otomatik,benzin,1.4,hatchback,yok,426705
BMW,520i,2023,132138,otomatik,benzin,1.5,sedan,var,902276
BMW,520i,2022,187366,otomatik,hybrid,1.3,sedan,var,1226604
BMW,M4,2015,172623,otomatik,benzin,1.4,sedan,var,262268
Volkswagen,Golf,2021,98971,otomatik,benzin,1.3,sedan,yok,400661
Volkswagen,Tiguan,2023,182727,manuel,dizel,1.5,hatchback,yok,1816853
Audi,Q7,2019,44731,manuel,dizel,1.0,sedan,yok,1030639
BMW,X5,2022,153652,otomatik,hybrid,1.4,hatchback,yok,1308877
Volkswagen,Arteon,2015,35343,otomatik,dizel,1.5,sedan,yok,1447727
Honda,Civic,2015,34906,otomatik,hybrid,1.0,sedan,yok,1514280
Hyundai,i30,2017,30137,otomatik,dizel,1.4,sedan,yok,651543
BMW,520i,2015,112356,otomatik,benzin,1.4,hatchback,yok,100000
Fiat,Egea,2022,130709,manuel,dizel,1.6,hatchback,var,1273639
Ford,Fiesta,2015,172373,otomatik,benzin,1.5,sedan,yok,478819
Volkswagen,Tiguan,2017,61065,manuel,benzin,2.0,sedan,yok,695847
Renault,Kadjar,2016,189370,otomatik,dizel,1.0,hatchback,yok,216277
Ford,Puma,2022,104187,otomatik,dizel,1.6,suv,yok,285022
Honda,Civic,2021,134659,otomatik,dizel,2.0,sedan,yok,1719509
BMW,M4,2022,73272,manuel,hybrid,1.0,sedan,yok,1072321
Hyundai,i20,2019,75915,otomatik,dizel,1.3,sedan,yok,1092968
Toyota,Camry,2022,185440,otomatik,benzin,1.4,hatchback,yok,1679480
Honda,Civic,2017,101061,otomatik,benzin,1.0,hatchback,yok,1230359
Fiat,Tipo,2018,151891,manuel,benzin,1.0,suv,yok,100000
Volkswagen,Arteon,2016,139026,otomatik,benzin,1.3,sedan,yok,100000
Renault,Talisman,2016,57154,otomatik,benzin,1.0,suv,yok,294471
Audi,A3,2020,162372,manuel,benzin,1.5,sedan,yok,1063259
Audi,Q7,2023,45820,otomatik,elektrik,1.3,hatchback,yok,1566304
BMW,520i,2019,10516,otomatik,dizel,1.3,sedan,yok,138312
Fiat,500X,2021,154180,manuel,hybrid,2.0,sedan,yok,316395
Fiat,500,2022,3608,otomatik,benzin,1.0,sedan,yok,1448256
Hyundai,i10,2019,184483,otomatik,benzin,1.0,suv,yok,909025
Fiat,500,2020,50694,otomatik,dizel,1.0,sedan,yok,1424514
BMW,X5,2017,108272,otomatik,dizel,2.0,hatchback,yok,1333055
BMW,520i,2017,105911,manuel,dizel,2.0,hatchback,yok,1453274
Toyota,C-HR,2021,50160,otomatik,benzin,2.0,sedan,var,824968
Honda,Jazz,2021,145803,manuel,dizel,1.0,suv,yok,1549993
Honda,Jazz,2020,139096,otomatik,benzin,1.5,sedan,var,1365929
Fiat,500,2018,102510,manuel,dizel,1.3,sedan,yok,664269
Fiat,Panda,2020,4223,otomatik,hybrid,1.5,hatchback,yok,845181
Renault,Megane,2023,163319,manuel,dizel,1.3,hatchback,var,800764
Hyundai,Tucson,2019,111471,manuel,dizel,2.0,hatchback,var,1310314
Mercedes,GLA200,2015,7834,otomatik,benzin,1.5,sedan,yok,153377
Renault,Clio,2023,14586,otomatik,benzin,1.4,hatchback,yok,1669637
Audi,A6,2020,63771,otomatik,dizel,1.4,hatchback,yok,1332536
Ford,Puma,2022,37370,manuel,hybrid,1.5,hatchback,yok,377295
Audi,Q7,2020,145272,otomatik,benzin,2.0,hatchback,yok,1647788
Volkswagen,Tiguan,2020,2445,manuel,benzin,1.6,hatchback,yok,589617
Honda,Civic,2015,172832,otomatik,hybrid,1.6,sedan,yok,1012731
Volkswagen,Golf,2020,55034,otomatik,dizel,1.6,sedan,yok,982030
Renault,Captur,2017,127964,otomatik,benzin,1.3,suv,yok,541470
Toyota,Camry,2023,28199,manuel,benzin,1.3,sedan,yok,1579520
Audi,Q5,2020,110945,otomatik,benzin,1.6,suv,yok,1214389
Honda,Accord,2018,138451,otomatik,dizel,1.3,suv,yok,493744
BMW,M4,2022,47120,otomatik,dizel,1.3,hatchback,var,1722721
Volkswagen,Tiguan,2020,70769,otomatik,dizel,1.4,hatchback,yok,317347
Honda,Civic,2017,29060,otomatik,benzin,2.0,hatchback,yok,831979
Honda,Jazz,2017,196970,otomatik,benzin,1.6,suv,yok,471557
Mercedes,E250,2015,129755,manuel,benzin,2.0,sedan,yok,240578
BMW,116i,2018,138543,otomatik,benzin,1.3,hatchback,yok,100000
Renault,Megane,2023,172567,manuel,benzin,1.4,sedan,yok,700607
Volkswagen,Polo,2023,15295,manuel,dizel,1.4,hatchback,yok,1910189
Audi,Q5,2018,8669,otomatik,benzin,1.4,sedan,yok,929324
BMW,M4,2019,159822,otomatik,dizel,1.6,suv,var,351246
Toyota,C-HR,2019,132466,otomatik,benzin,1.5,sedan,var,100000
Hyundai,Kona,2015,162457,manuel,benzin,1.6,sedan,yok,101550
Ford,Puma,2015,125594,manuel,benzin,2.0,suv,yok,1300676
Audi,Q5,2019,42892,otomatik,benzin,1.3,hatchback,yok,165271
BMW,116i,2016,23535,otomatik,hybrid,1.6,suv,yok,513423
Renault,Captur,2017,120305,otomatik,benzin,1.6,sedan,var,1032153
Volkswagen,Arteon,2022,190988,otomatik,dizel,1.6,sedan,yok,414010
Fiat,Tipo,2022,173411,otomatik,dizel,1.4,hatchback,yok,286273
BMW,520i,2015,53955,otomatik,dizel,2.0,sedan,yok,245002
Toyota,Yaris,2018,93452,otomatik,hybrid,1.5,sedan,yok,749533
Ford,Focus,2016,18590,otomatik,benzin,1.6,hatchback,var,1010595
Renault,Clio,2022,173036,otomatik,dizel,1.0,sedan,yok,609497
Toyota,Camry,2021,3145,otomatik,dizel,1.3,sedan,yok,228110
Fiat,Panda,2015,136926,otomatik,elektrik,1.0,sedan,yok,1224508
Ford,Kuga,2020,161729,otomatik,benzin,1.6,sedan,yok,642534
Ford,Mondeo,2015,32928,otomatik,dizel,1.3,sedan,yok,750359
Fiat,Panda,2022,50320,otomatik,dizel,1.4,sedan,yok,1805144
Ford,Puma,2017,121412,manuel,dizel,1.6,suv,var,870523
BMW,320i,2023,72010,otomatik,hybrid,1.4,suv,yok,1466880
Ford,Focus,2016,49687,manuel,dizel,1.0,sedan,yok,100000
Hyundai,i20,2018,33220,otomatik,elektrik,1.3,sedan,yok,1167528
Hyundai,i30,2023,75058,otomatik,dizel,1.5,sedan,var,785368
BMW,M4,2017,119848,otomatik,dizel,1.0,sedan,yok,1071908
Audi,A3,2022,180423,otomatik,dizel,1.0,hatchback,yok,861137
Mercedes,E250,2017,178198,otomatik,hybrid,2.0,sedan,yok,1577623
Audi,A4,2021,64376,otomatik,benzin,1.3,suv,yok,1724100
BMW,X5,2023,100213,otomatik,dizel,1.5,sedan,var,1747433
Honda,Jazz,2015,95208,otomatik,dizel,1.4,sedan,var,1268814
Fiat,Panda,2019,116216,manuel,benzin,1.3,sedan,yok,100000
Hyundai,i20,2020,133446,otomatik,benzin,1.0,sedan,yok,1653433
Honda,CR-V,2019,65055,otomatik,elektrik,2.0,sedan,yok,808551
Toyota,Camry,2023,175382,otomatik,dizel,2.0,sedan,yok,401105
Ford,Fiesta,2017,88075,manuel,hybrid,1.3,hatchback,yok,439265
Volkswagen,Golf,2022,155590,otomatik,hybrid,1.6,sedan,yok,1599892
Volkswagen,Tiguan,2016,60407,otomatik,benzin,1.3,sedan,yok,1024432
Honda,Accord,2021,120089,otomatik,elektrik,1.5,sedan,yok,1200934
Volkswagen,Arteon,2022,103551,manuel,dizel,1.5,hatchback,yok,291732
Mercedes,C180,2020,19385,otomatik,benzin,1.5,hatchback,var,419124
Toyota,RAV4,2021,256,otomatik,dizel,1.5,suv,yok,1015073
Renault,Captur,2020,25984,manuel,dizel,1.0,sedan,yok,529851
BMW,M4,2020,50290,otomatik,dizel,1.6,hatchback,yok,1765547
Volkswagen,Passat,2015,88726,otomatik,dizel,1.3,sedan,yok,100000
Ford,Focus,2022,50948,otomatik,hybrid,2.0,sedan,yok,1495185
Hyundai,i10,2015,174872,manuel,benzin,1.0,hatchback,yok,1228751
BMW,X5,2015,129050,otomatik,hybrid,1.3,sedan,yok,424500
Mercedes,A180,2020,145166,otomatik,benzin,1.6,suv,var,864412
Volkswagen,Arteon,2018,170806,otomatik,dizel,1.0,suv,yok,142101
Hyundai,Kona,2018,27632,otomatik,dizel,1.4,hatchback,yok,409486
Ford,Fiesta,2020,166433,manuel,benzin,1.4,sedan,yok,843259
Hyundai,Kona,2023,39615,otomatik,benzin,2.0,hatchback,yok,863154
Ford,Focus,2023,165885,otomatik,hybrid,1.5,hatchback,yok,1534039
Ford,Fiesta,2018,192050,otomatik,dizel,1.0,sedan,yok,454146
Mercedes,A180,2018,46176,manuel,hybrid,1.6,sedan,yok,907018
Ford,Focus,2019,93926,otomatik,benzin,1.3,sedan,var,1098697
Hyundai,i20,2020,24431,manuel,benzin,1.6,hatchback,yok,239402
BMW,M4,2020,37584,otomatik,hybrid,2.0,suv,yok,565468
Audi,A3,2022,123356,otomatik,benzin,1.6,sedan,yok,1102530
Fiat,Egea,2018,72853,otomatik,dizel,1.5,hatchback,yok,1201306
Toyota,C-HR,2022,158237,otomatik,dizel,1.0,hatchback,yok,682483
BMW,116i,2022,58634,otomatik,hybrid,1.6,sedan,var,833095
Renault,Megane,2016,154821,manuel,elektrik,1.6,sedan,yok,100000
Hyundai,Kona,2016,166238,manuel,benzin,1.6,sedan,yok,314932
Mercedes,CLA200,2016,50068,otomatik,benzin,2.0,sedan,yok,1293374
Fiat,Tipo,2018,126503,manuel,benzin,1.0,hatchback,yok,1667475
Toyota,Camry,2023,38726,otomatik,benzin,2.0,sedan,yok,815682
Fiat,500X,2023,26547,otomatik,hybrid,2.0,sedan,var,1563136
Honda,Jazz,2021,163804,otomatik,benzin,1.6,sedan,var,856311
Ford,Fiesta,2015,19110,manuel,benzin,1.4,suv,var,325621
Fiat,Tipo,2020,99259,manuel,benzin,1.3,suv,yok,287124
Ford,Kuga,2016,138048,otomatik,dizel,1.4,hatchback,yok,421658
Renault,Talisman,2018,58455,otomatik,benzin,1.0,hatchback,yok,878335
Fiat,Panda,2016,24216,manuel,benzin,1.4,sedan,yok,636945
Ford,Focus,2022,37829,otomatik,benzin,1.3,sedan,yok,521466
Honda,Jazz,2015,59789,manuel,dizel,1.3,hatchback,var,1303151
BMW,M4,2022,12413,manuel,dizel,1.3,suv,yok,404135
Audi,Q5,2022,97603,otomatik,dizel,1.3,sedan,yok,921363
Honda,Accord,2016,96458,otomatik,elektrik,1.3,hatchback,yok,617068
Honda,Accord,2020,92514,otomatik,hybrid,1.0,sedan,yok,889327
Ford,Puma,2021,178728,otomatik,dizel,1.0,sedan,yok,200359
Ford,Fiesta,2015,118818,otomatik,benzin,1.0,sedan,yok,1184135
Honda,Accord,2023,114561,otomatik,benzin,1.4,suv,yok,604825
Audi,A3,2016,172329,otomatik,elektrik,1.3,sedan,var,1269328
Ford,Mondeo,2015,30388,otomatik,benzin,1.3,suv,yok,1231894
BMW,X5,2016,176488,otomatik,dizel,1.6,sedan,yok,1489448
BMW,520i,2021,166398,otomatik,benzin,1.3,sedan,yok,449447
Honda,CR-V,2015,67239,otomatik,dizel,2.0,sedan,yok,469251
Mercedes,GLA200,2019,2483,manuel,dizel,1.0,suv,yok,1705653
Ford,Mondeo,2022,28466,manuel,dizel,1.3,sedan,yok,957847
Mercedes,GLA200,2017,18423,otomatik,benzin,2.0,sedan,yok,895241
Honda,Civic,2023,50584,manuel,benzin,1.4,sedan,var,1170306
Volkswagen,Passat,2022,106749,otomatik,dizel,1.6,suv,var,781226
BMW,520i,2018,155596,otomatik,benzin,2.0,hatchback,yok,1206540
Honda,Civic,2016,51075,otomatik,benzin,1.5,sedan,var,849371
Hyundai,i20,2021,17189,manuel,hybrid,1.0,sedan,yok,459515
Hyundai,i30,2018,32818,manuel,hybrid,1.6,sedan,var,1096542
Mercedes,C180,2019,75308,otomatik,hybrid,1.3,sedan,yok,1720033
Honda,CR-V,2022,121881,manuel,dizel,1.5,sedan,yok,1458847
Ford,Focus,2023,96874,otomatik,benzin,2.0,sedan,yok,806338
Mercedes,CLA200,2016,78735,otomatik,dizel,2.0,sedan,yok,616636
Volkswagen,Passat,2017,73703,otomatik,dizel,1.0,sedan,var,1264479
BMW,X5,2020,167813,otomatik,elektrik,1.4,suv,var,932499
Honda,Accord,2015,93743,manuel,benzin,1.4,hatchback,yok,1505922
Ford,Fiesta,2018,55216,otomatik,benzin,1.3,suv,yok,395805
Volkswagen,Tiguan,2016,47022,manuel,dizel,1.4,sedan,yok,1187428
Renault,Captur,2023,6624,otomatik,benzin,1.3,suv,yok,900716
BMW,X5,2017,84167,otomatik,benzin,1.3,sedan,yok,1225886
Renault,Captur,2022,140670,otomatik,dizel,1.0,sedan,yok,828134
Hyundai,i10,2023,67745,otomatik,dizel,1.5,suv,yok,447175
Hyundai,Kona,2023,152287,otomatik,hybrid,1.0,sedan,yok,1527522
Hyundai,i30,2016,158599,otomatik,benzin,1.5,hatchback,yok,1193910
Volkswagen,Golf,2022,74394,otomatik,hybrid,2.0,sedan,yok,893905
BMW,X5,2017,145750,manuel,hybrid,1.5,hatchback,yok,233659
Fiat,Egea,2015,131396,otomatik,benzin,2.0,sedan,yok,127235
Honda,Accord,2015,115847,manuel,benzin,2.0,suv,yok,867794
BMW,320i,2021,179815,otomatik,benzin,1.5,sedan,var,792303
Toyota,C-HR,2018,188801,manuel,benzin,1.5,sedan,yok,877464
BMW,520i,2019,15144,otomatik,dizel,2.0,sedan,yok,1254294
Volkswagen,Arteon,2020,122208,manuel,dizel,1.6,hatchback,yok,1439265
Hyundai,i10,2020,10297,manuel,benzin,1.6,hatchback,yok,1439936
BMW,M4,2020,183942,otomatik,benzin,1.4,hatchback,yok,458972
Renault,Captur,2017,16429,otomatik,benzin,1.3,sedan,yok,1272475
Hyundai,Tucson,2020,187900,otomatik,dizel,2.0,sedan,yok,1701544
BMW,320i,2019,59885,otomatik,benzin,1.3,hatchback,yok,670213
Toyota,Camry,2017,11932,manuel,dizel,1.0,hatchback,var,101028
Audi,Q7,2022,161521,otomatik,benzin,1.4,hatchback,var,1627519
BMW,116i,2016,177390,otomatik,benzin,1.5,suv,yok,824485
Ford,Focus,2020,119583,otomatik,dizel,2.0,sedan,yok,243653
BMW,116i,2016,14607,manuel,elektrik,1.6,sedan,yok,1274326
Hyundai,Kona,2023,160514,otomatik,dizel,1.6,sedan,var,346567
Honda,Civic,2015,88743,otomatik,benzin,2.0,suv,yok,277483
Audi,Q7,2015,151896,otomatik,dizel,2.0,suv,yok,199542
Ford,Fiesta,2023,194754,manuel,benzin,1.4,hatchback,yok,894551
Volkswagen,Polo,2019,157601,manuel,hybrid,1.0,sedan,yok,1546189
Audi,Q5,2022,179214,manuel,dizel,1.4,hatchback,yok,1561815
Renault,Talisman,2020,195462,otomatik,benzin,1.3,hatchback,yok,735135
BMW,116i,2020,100465,otomatik,dizel,2.0,suv,yok,1135374
Mercedes,A180,2016,114347,otomatik,hybrid,1.5,hatchback,yok,600522
Ford,Puma,2018,46018,manuel,hybrid,1.3,sedan,yok,1087036
BMW,116i,2016,42911,otomatik,benzin,1.0,suv,yok,1501098
BMW,M4,2021,93951,otomatik,dizel,1.4,sedan,yok,456907
Renault,Clio,2019,85939,manuel,benzin,1.0,sedan,yok,1094832
Mercedes,E250,2019,73830,otomatik,benzin,1.6,sedan,yok,1435001
BMW,X5,2017,169111,manuel,dizel,1.5,sedan,yok,533341
Volkswagen,Tiguan,2020,191387,otomatik,benzin,1.4,sedan,yok,238079
Toyota,RAV4,2022,97414,manuel,hybrid,1.5,hatchback,yok,1139788
Ford,Fiesta,2019,22952,manuel,benzin,1.4,sedan,yok,1525687
BMW,520i,2020,154511,otomatik,elektrik,2.0,sedan,yok,1616463
Toyota,Corolla,2020,101204,manuel,benzin,1.0,suv,yok,462416
Ford,Mondeo,2015,50411,otomatik,hybrid,1.5,hatchback,yok,420562
Renault,Megane,2019,81160,otomatik,hybrid,1.4,hatchback,var,742433
Honda,Accord,2019,1762,otomatik,dizel,2.0,sedan,yok,1439267
Honda,Accord,2018,13605,manuel,dizel,1.3,hatchback,yok,1501339
BMW,X5,2015,119983,manuel,dizel,1.3,suv,yok,592679
Renault,Clio,2022,172968,manuel,dizel,1.6,sedan,yok,877261
Renault,Megane,2019,69987,manuel,benzin,1.4,hatchback,var,1523832
Volkswagen,Polo,2022,102126,otomatik,dizel,1.6,hatchback,yok,1802692
Mercedes,C180,2018,74066,otomatik,hybrid,1.5,suv,yok,1566949
Fiat,Tipo,2018,123308,otomatik,benzin,1.6,hatchback,yok,1139133
Ford,Fiesta,2020,9980,otomatik,dizel,2.0,suv,yok,976627
Audi,A4,2016,116736,otomatik,hybrid,1.4,sedan,yok,1536316
Hyundai,i30,2017,145352,manuel,hybrid,1.6,suv,yok,1182570
Fiat,Panda,2020,189784,manuel,dizel,1.3,sedan,yok,1489676
BMW,X5,2022,133305,otomatik,benzin,1.0,sedan,yok,450138
Honda,HR-V,2021,16416,manuel,benzin,1.5,suv,yok,1793056
Mercedes,A180,2019,64090,otomatik,elektrik,1.4,sedan,var,982656
Honda,HR-V,2023,119539,otomatik,dizel,1.3,suv,yok,1830389
Renault,Megane,2021,145880,otomatik,dizel,1.6,sedan,yok,1559050
Fiat,500,2021,155785,otomatik,dizel,2.0,sedan,yok,904443
BMW,520i,2019,154656,otomatik,benzin,1.6,suv,yok,1307918
Toyota,Yaris,2017,21200,otomatik,dizel,1.5,sedan,yok,402113
Hyundai,i10,2019,19150,manuel,dizel,1.5,suv,var,979323
BMW,M4,2018,182016,otomatik,dizel,1.3,suv,yok,1211163
Fiat,500X,2023,117029,otomatik,dizel,1.0,sedan,yok,796424
Toyota,Camry,2015,102824,otomatik,benzin,1.0,suv,yok,465480
Ford,Puma,2018,198177,otomatik,dizel,1.6,sedan,yok,768097
Audi,A4,2018,187719,otomatik,dizel,1.0,hatchback,yok,1281888
Hyundai,Kona,2020,28103,manuel,benzin,1.0,hatchback,yok,162648
Ford,Puma,2016,132017,otomatik,dizel,1.0,sedan,var,1363269
Renault,Kadjar,2022,100754,otomatik,hybrid,1.5,sedan,yok,791810
Ford,Focus,2019,131703,otomatik,dizel,1.0,sedan,yok,425616
Honda,Civic,2018,171794,manuel,dizel,2.0,sedan,yok,538315
Mercedes,E250,2022,177032,otomatik,dizel,1.0,sedan,yok,537902
Mercedes,CLA200,2023,155422,otomatik,dizel,1.6,hatchback,yok,680911
BMW,520i,2022,127933,otomatik,hybrid,1.0,suv,yok,1309923
Ford,Kuga,2015,78838,otomatik,benzin,1.4,suv,yok,1461804
Hyundai,Tucson,2018,116151,manuel,benzin,1.3,sedan,yok,924350
Mercedes,A180,2022,183954,otomatik,dizel,1.5,sedan,yok,594551
BMW,M4,2015,8761,otomatik,benzin,1.0,hatchback,var,1291514
Volkswagen,Polo,2015,25687,otomatik,hybrid,1.4,hatchback,var,1539629
Volkswagen,Passat,2016,20812,otomatik,hybrid,2.0,sedan,yok,979919
Mercedes,E250,2015,176273,manuel,dizel,1.0,hatchback,var,201857
Ford,Mondeo,2015,120955,manuel,benzin,1.6,hatchback,yok,396720
Honda,Civic,2019,174823,manuel,benzin,1.6,sedan,yok,537450
Volkswagen,Polo,2023,61391,otomatik,hybrid,1.5,hatchback,yok,512824
Renault,Clio,2018,91334,manuel,dizel,1.6,sedan,yok,581849
Honda,Jazz,2018,119539,otomatik,dizel,1.6,hatchback,yok,380233
Mercedes,CLA200,2019,4214,otomatik,benzin,1.4,hatchback,yok,1492352
Hyundai,Kona,2017,83764,otomatik,benzin,1.4,sedan,yok,1602265
Volkswagen,Polo,2022,142631,otomatik,benzin,1.3,hatchback,yok,1191648
Renault,Megane,2021,137239,otomatik,benzin,1.0,sedan,yok,1262074
Audi,Q5,2022,17657,otomatik,benzin,1.0,sedan,yok,1868462
Honda,Accord,2018,157647,otomatik,hybrid,1.6,hatchback,yok,1207393
BMW,X5,2022,66127,manuel,dizel,1.5,sedan,yok,458038
Ford,Kuga,2023,179139,otomatik,dizel,1.4,suv,var,1740558
Toyota,Camry,2015,182981,manuel,elektrik,1.0,hatchback,var,156240
Audi,A6,2023,160969,otomatik,dizel,1.6,sedan,yok,1776204
Honda,HR-V,2018,66828,manuel,dizel,1.3,sedan,var,600703
Hyundai,i30,2020,112500,otomatik,benzin,1.0,hatchback,yok,1387208
Volkswagen,Golf,2022,47797,otomatik,benzin,1.3,suv,yok,521821
Audi,A4,2016,9159,otomatik,dizel,1.3,sedan,var,432665
Honda,Civic,2015,21665,manuel,elektrik,2.0,hatchback,yok,482113
Toyota,Camry,2015,123866,otomatik,dizel,1.6,sedan,yok,1044667
Renault,Talisman,2023,58838,manuel,dizel,1.4,suv,yok,816112
Fiat,500,2021,156470,manuel,dizel,1.6,sedan,yok,602324
BMW,M4,2023,52175,manuel,benzin,1.6,sedan,yok,1528775
Ford,Fiesta,2020,133722,otomatik,dizel,1.0,sedan,yok,882261
BMW,M4,2022,161445,manuel,dizel,1.6,suv,yok,1220385
Toyota,RAV4,2019,2531,otomatik,benzin,1.5,sedan,yok,833512
Fiat,Tipo,2016,23252,manuel,benzin,1.5,sedan,yok,698561
BMW,520i,2021,25332,otomatik,benzin,1.0,sedan,var,1671445
Audi,A6,2019,184653,otomatik,benzin,2.0,suv,yok,1081181
Audi,A6,2018,9404,manuel,dizel,1.0,hatchback,yok,1174344
Audi,Q5,2022,122635,otomatik,dizel,1.6,suv,var,1363907
Volkswagen,Arteon,2017,16230,manuel,hybrid,1.4,hatchback,yok,1457630
Honda,Civic,2021,153089,otomatik,dizel,1.5,hatchback,yok,1478780
Fiat,Tipo,2021,155034,otomatik,dizel,1.0,sedan,yok,156140
Renault,Talisman,2018,56938,otomatik,dizel,2.0,hatchback,yok,1422751
Volkswagen,Passat,2015,136979,otomatik,elektrik,1.4,hatchback,yok,100000
Toyota,Camry,2020,50295,otomatik,dizel,1.0,sedan,yok,1136784
Mercedes,E250,2017,126856,otomatik,dizel,2.0,hatchback,var,1047805
BMW,M4,2016,14114,otomatik,benzin,1.6,hatchback,yok,130178
BMW,320i,2016,61325,otomatik,hybrid,1.4,suv,var,1409464
Ford,Puma,2020,88060,otomatik,benzin,1.5,sedan,yok,954502
Renault,Megane,2019,111901,otomatik,hybrid,1.3,sedan,yok,589420
Honda,Civic,2015,116836,otomatik,benzin,1.4,hatchback,yok,1072007
Hyundai,i20,2019,166125,otomatik,dizel,1.4,hatchback,yok,198238
Toyota,RAV4,2023,179948,manuel,benzin,1.4,hatchback,yok,720609
Hyundai,i30,2021,167857,manuel,dizel,1.6,sedan,yok,1601157
Toyota,Yaris,2021,43448,manuel,dizel,1.6,hatchback,yok,1006213
Mercedes,GLA200,2021,152395,manuel,dizel,1.6,suv,yok,1159664
BMW,X5,2023,88310,manuel,hybrid,2.0,sedan,yok,944583
Honda,Jazz,2018,133464,manuel,dizel,1.6,sedan,yok,1669171
Honda,HR-V,2021,86269,otomatik,hybrid,1.4,sedan,yok,1083677
Audi,A3,2015,126030,otomatik,hybrid,1.3,suv,yok,1430912
Toyota,Yaris,2023,42897,otomatik,benzin,1.5,sedan,yok,851008
Honda,Civic,2020,166487,otomatik,benzin,1.6,suv,yok,133719
Audi,A4,2018,45295,otomatik,hybrid,1.5,sedan,yok,640460
Audi,A3,2016,69880,otomatik,dizel,1.6,sedan,yok,717940
Mercedes,CLA200,2015,10380,otomatik,hybrid,1.3,sedan,yok,1382677
Toyota,Corolla,2016,28624,manuel,elektrik,2.0,sedan,yok,1492574
Volkswagen,Passat,2023,29672,otomatik,benzin,2.0,suv,yok,737828
Renault,Captur,2023,166627,otomatik,benzin,2.0,sedan,var,1265545
Hyundai,i20,2023,37430,otomatik,dizel,1.6,sedan,var,1489202
Toyota,Camry,2020,67774,manuel,dizel,1.6,hatchback,yok,1584341
Ford,Fiesta,2016,156132,otomatik,hybrid,1.4,sedan,yok,809837
Audi,Q7,2017,173971,otomatik,benzin,1.0,sedan,yok,887951
BMW,116i,2022,86770,otomatik,dizel,1.0,sedan,yok,1558125
Mercedes,E250,2019,143127,otomatik,dizel,1.0,sedan,yok,1225277
Volkswagen,Arteon,2023,131044,otomatik,dizel,1.3,hatchback,yok,843243
BMW,520i,2022,102742,manuel,dizel,1.5,sedan,yok,1770265
Hyundai,Kona,2016,162054,otomatik,benzin,2.0,hatchback,yok,1348977
Volkswagen,Polo,2022,45737,otomatik,benzin,2.0,hatchback,yok,1309711
Hyundai,i20,2021,88146,otomatik,elektrik,1.5,hatchback,var,1041652
Honda,HR-V,2016,180270,manuel,dizel,2.0,hatchback,var,499042
BMW,X5,2017,89375,manuel,dizel,1.5,sedan,yok,1450363
Mercedes,CLA200,2017,58654,manuel,dizel,1.5,sedan,yok,1118820
Renault,Megane,2019,184783,otomatik,dizel,1.6,suv,var,755014
Audi,A3,2019,77009,otomatik,benzin,1.4,sedan,yok,211877
Honda,Accord,2023,167320,otomatik,dizel,1.3,hatchback,var,314628
Mercedes,A180,2015,141515,manuel,benzin,1.3,suv,yok,610374
Volkswagen,Tiguan,2020,42014,otomatik,dizel,1.6,hatchback,yok,1683721
Ford,Kuga,2018,160099,otomatik,dizel,1.4,sedan,yok,824880
BMW,X5,2019,174197,otomatik,benzin,1.3,hatchback,yok,1250852
Fiat,500,2018,143724,otomatik,hybrid,1.4,sedan,yok,1104651
Mercedes,C180,2015,104875,manuel,hybrid,2.0,sedan,yok,100000
Hyundai,i20,2020,158277,manuel,benzin,2.0,sedan,var,781618
Fiat,500X,2022,186679,otomatik,benzin,1.0,suv,yok,361301
Audi,A4,2023,164947,otomatik,elektrik,1.4,hatchback,yok,1578694
BMW,116i,2017,138459,otomatik,dizel,1.0,sedan,yok,833807
Volkswagen,Passat,2023,66008,manuel,benzin,1.6,hatchback,yok,507099
Fiat,Tipo,2016,132212,otomatik,benzin,1.0,sedan,yok,621813
BMW,M4,2023,176110,otomatik,hybrid,1.4,suv,var,452782
Audi,Q5,2020,116866,otomatik,benzin,1.5,sedan,yok,1729041
Ford,Fiesta,2020,6349,otomatik,dizel,1.0,hatchback,yok,366649
Ford,Fiesta,2022,145597,manuel,benzin,1.0,sedan,var,1783647
Audi,Q5,2023,124564,manuel,dizel,1.5,sedan,yok,840645
Hyundai,i10,2016,160339,manuel,dizel,1.0,sedan,yok,790405
Renault,Kadjar,2016,62318,otomatik,dizel,1.3,suv,yok,500492
BMW,X5,2020,117767,otomatik,dizel,2.0,suv,yok,1139360
BMW,M4,2016,30164,otomatik,dizel,1.4,sedan,var,1330227
Volkswagen,Tiguan,2020,139637,manuel,benzin,2.0,hatchback,var,1667088
Mercedes,C180,2023,165824,otomatik,dizel,2.0,suv,yok,1511284
Volkswagen,Passat,2019,72950,manuel,dizel,1.0,hatchback,var,1512121
Toyota,Yaris,2021,21259,otomatik,benzin,1.4,hatchback,yok,793751
Renault,Clio,2020,144650,manuel,dizel,1.5,sedan,var,726829
Volkswagen,Golf,2020,73294,otomatik,dizel,1.0,hatchback,yok,889423
BMW,X5,2022,198687,otomatik,benzin,1.6,sedan,yok,520207
Mercedes,C180,2018,149596,otomatik,dizel,1.5,sedan,yok,1189061
Renault,Kadjar,2018,182381,otomatik,dizel,1.5,suv,var,1506063
BMW,X5,2019,166966,manuel,hybrid,1.4,hatchback,yok,1553661
Mercedes,GLA200,2023,196329,manuel,dizel,2.0,hatchback,yok,335478
Toyota,C-HR,2020,182960,manuel,hybrid,2.0,suv,yok,1249958
Toyota,Corolla,2022,36328,otomatik,benzin,1.3,sedan,yok,257562
Volkswagen,Tiguan,2022,191788,manuel,benzin,1.6,suv,yok,1043645
Mercedes,E250,2021,46098,otomatik,benzin,1.0,sedan,var,1165621
Audi,A6,2019,82370,otomatik,benzin,1.4,hatchback,yok,376223
BMW,M4,2019,125830,otomatik,benzin,1.3,hatchback,yok,356740
Honda,CR-V,2023,66509,otomatik,dizel,1.4,suv,yok,1427997
Ford,Focus,2020,161894,manuel,elektrik,1.6,hatchback,yok,1185537
Fiat,Egea,2019,140483,manuel,dizel,1.6,sedan,yok,1037839
Toyota,Corolla,2015,99787,manuel,elektrik,1.4,hatchback,var,306188
Renault,Megane,2019,184873,manuel,dizel,1.5,suv,yok,1210464
Volkswagen,Passat,2023,23978,manuel,benzin,2.0,hatchback,yok,1087373
Ford,Focus,2015,133624,manuel,benzin,1.0,hatchback,yok,213269
Ford,Kuga,2019,166021,otomatik,dizel,1.5,hatchback,var,387150
Toyota,C-HR,2018,76347,otomatik,benzin,1.5,sedan,var,1604018
Volkswagen,Tiguan,2020,175816,otomatik,benzin,2.0,sedan,yok,1511853
Toyota,C-HR,2017,125465,manuel,dizel,2.0,hatchback,yok,368750
Hyundai,Kona,2018,101726,manuel,benzin,1.3,suv,yok,100000
Mercedes,C180,2021,158921,otomatik,hybrid,2.0,sedan,yok,1413066
Honda,Jazz,2020,157419,otomatik,elektrik,1.6,hatchback,yok,1318938
BMW,X5,2021,166167,otomatik,hybrid,1.0,sedan,yok,366115
Honda,HR-V,2018,9091,manuel,benzin,1.0,sedan,yok,471939
Ford,Mondeo,2020,19905,otomatik,benzin,1.5,sedan,yok,1483204
Hyundai,i10,2016,30267,manuel,dizel,1.4,suv,yok,474243
Ford,Focus,2023,171865,otomatik,hybrid,1.3,sedan,yok,1363136
Toyota,Yaris,2022,42719,manuel,dizel,1.0,sedan,var,833310
BMW,320i,2019,164840,otomatik,benzin,1.6,hatchback,var,941819
Mercedes,A180,2020,183209,manuel,elektrik,1.3,sedan,yok,1275169
Volkswagen,Tiguan,2021,157825,otomatik,hybrid,1.5,sedan,yok,693999
Honda,Civic,2017,83181,otomatik,benzin,2.0,sedan,yok,100000
BMW,116i,2016,158003,manuel,benzin,1.0,sedan,yok,1552931
Audi,A4,2020,155987,otomatik,benzin,1.0,suv,yok,1474783
Mercedes,E250,2018,59381,otomatik,hybrid,1.3,suv,yok,1378218
Mercedes,C180,2022,182116,otomatik,benzin,1.0,sedan,yok,882609
Honda,Accord,2021,117329,otomatik,hybrid,1.3,suv,yok,152199
BMW,116i,2022,17120,manuel,benzin,1.5,sedan,yok,862124
Fiat,Tipo,2019,163930,otomatik,benzin,1.3,sedan,var,407239
Volkswagen,Arteon,2020,53465,otomatik,dizel,1.6,hatchback,yok,1130690
Fiat,500X,2021,91553,manuel,hybrid,2.0,hatchback,yok,1012744
Volkswagen,Golf,2023,123506,otomatik,benzin,2.0,hatchback,yok,1471328
Toyota,RAV4,2020,84062,manuel,dizel,2.0,sedan,yok,309479
Hyundai,i20,2023,38960,manuel,benzin,1.5,hatchback,yok,762726
Hyundai,i20,2018,125865,otomatik,hybrid,1.5,hatchback,yok,1050143
Fiat,Panda,2023,7997,otomatik,hybrid,1.3,hatchback,var,1855555
Renault,Kadjar,2022,140748,otomatik,benzin,1.5,sedan,yok,1709319
Honda,Jazz,2022,64699,manuel,dizel,1.6,sedan,yok,653534
Fiat,Panda,2016,143944,otomatik,hybrid,2.0,hatchback,yok,104483
Volkswagen,Passat,2021,2691,otomatik,dizel,1.6,hatchback,yok,601725
Hyundai,Tucson,2022,44414,otomatik,benzin,2.0,hatchback,yok,1621071
Toyota,Corolla,2022,132460,otomatik,benzin,1.5,sedan,yok,1485976
Hyundai,i20,2016,49032,otomatik,benzin,2.0,sedan,yok,899473
BMW,520i,2016,52609,otomatik,benzin,1.3,suv,yok,1271784
Toyota,C-HR,2020,82901,otomatik,benzin,2.0,suv,var,1622513
Hyundai,i30,2018,109692,otomatik,dizel,2.0,hatchback,yok,1437349
Honda,HR-V,2017,153876,otomatik,benzin,1.4,sedan,var,100000
BMW,320i,2018,86635,otomatik,benzin,1.3,sedan,var,1251362
BMW,X5,2018,49843,otomatik,dizel,1.4,hatchback,yok,1009017
Audi,A6,2021,35720,otomatik,hybrid,1.6,sedan,yok,442064
Volkswagen,Arteon,2023,99805,otomatik,dizel,2.0,sedan,yok,1829833
Hyundai,i30,2017,111990,otomatik,benzin,1.0,sedan,yok,1249119
Mercedes,CLA200,2016,53846,otomatik,dizel,1.4,sedan,yok,1176820
Audi,A6,2022,146772,manuel,hybrid,1.3,sedan,yok,1104970
Ford,Puma,2017,34561,otomatik,dizel,1.0,hatchback,yok,1253582
Toyota,Corolla,2017,112547,otomatik,dizel,1.5,hatchback,yok,777646
Hyundai,Tucson,2023,167984,otomatik,dizel,1.3,sedan,yok,1831159
Toyota,RAV4,2019,98003,manuel,dizel,1.4,sedan,yok,150008
Renault,Megane,2019,3162,otomatik,dizel,1.0,sedan,yok,972708
Renault,Clio,2015,79322,otomatik,benzin,1.0,sedan,yok,1015035
Volkswagen,Passat,2020,19829,otomatik,dizel,1.3,hatchback,yok,1253458
Mercedes,A180,2016,129062,manuel,dizel,1.6,sedan,yok,627152
Hyundai,Kona,2018,62138,otomatik,dizel,1.0,sedan,yok,548803
Hyundai,Tucson,2023,105189,manuel,dizel,1.4,suv,yok,812775
Mercedes,E250,2018,163345,otomatik,benzin,1.0,sedan,yok,1042470
Volkswagen,Passat,2015,84373,otomatik,hybrid,2.0,suv,yok,232726
Honda,HR-V,2018,114455,otomatik,benzin,1.6,sedan,yok,642468
Mercedes,E250,2020,145356,manuel,dizel,1.5,sedan,yok,387515
Mercedes,C180,2019,7185,otomatik,dizel,1.0,sedan,yok,544139
Volkswagen,Tiguan,2020,170315,manuel,hybrid,1.0,hatchback,yok,1154379
Toyota,RAV4,2017,95715,otomatik,dizel,1.5,suv,yok,1394749
BMW,M4,2023,162860,otomatik,hybrid,1.3,hatchback,yok,383828
BMW,X5,2022,30348,manuel,benzin,1.5,sedan,yok,899225
Toyota,Yaris,2023,72604,otomatik,benzin,2.0,hatchback,yok,1782647
Hyundai,i20,2022,143528,otomatik,benzin,1.5,hatchback,var,516280
Ford,Puma,2021,14318,otomatik,benzin,1.4,sedan,yok,1674261
Mercedes,A180,2022,1891,otomatik,hybrid,1.3,sedan,yok,617230
Renault,Clio,2021,97116,otomatik,hybrid,2.0,hatchback,yok,501565
Toyota,RAV4,2023,115145,otomatik,elektrik,1.0,sedan,yok,1856676
Hyundai,Tucson,2016,8776,manuel,benzin,1.6,sedan,yok,1326582
Fiat,Panda,2016,50496,otomatik,benzin,2.0,sedan,yok,1545456
Toyota,RAV4,2016,120977,manuel,benzin,1.0,sedan,yok,1504526
Ford,Mondeo,2022,61479,manuel,dizel,1.5,sedan,yok,1614779
Toyota,Camry,2021,152757,otomatik,dizel,1.5,sedan,var,1040152
Renault,Megane,2023,109945,manuel,dizel,1.0,hatchback,var,1848505
BMW,X5,2017,133906,otomatik,benzin,1.4,suv,yok,1433001
Honda,Accord,2020,89649,otomatik,hybrid,1.5,suv,yok,1145831
Hyundai,Kona,2022,186320,otomatik,dizel,1.0,hatchback,yok,1157346
Honda,Jazz,2022,135308,manuel,benzin,1.4,sedan,yok,1384142
Ford,Puma,2022,39860,otomatik,dizel,1.5,hatchback,yok,611533
BMW,M4,2018,6400,otomatik,dizel,1.5,sedan,yok,494822
Fiat,Panda,2016,190069,otomatik,benzin,2.0,sedan,yok,585342
Renault,Clio,2022,189514,otomatik,hybrid,1.5,sedan,var,306204
Hyundai,i20,2021,8353,otomatik,benzin,1.5,sedan,yok,1709683
BMW,X5,2020,132724,manuel,hybrid,1.0,suv,yok,730250
Hyundai,Tucson,2021,16658,otomatik,dizel,1.3,sedan,var,831295
Honda,HR-V,2017,11133,otomatik,dizel,1.6,suv,yok,531035
Renault,Captur,2018,193438,otomatik,dizel,2.0,sedan,yok,326022
Fiat,500,2021,43799,otomatik,benzin,1.0,suv,var,1445044
BMW,520i,2017,87357,manuel,dizel,1.0,sedan,yok,100000
BMW,X5,2018,1702,manuel,benzin,1.6,sedan,yok,198128
Volkswagen,Tiguan,2019,138392,manuel,benzin,1.5,suv,yok,1670499
Renault,Megane,2021,198570,otomatik,benzin,1.6,sedan,var,816468
Audi,A3,2023,139563,otomatik,hybrid,2.0,hatchback,yok,1328917
BMW,320i,2023,28190,otomatik,dizel,1.4,suv,yok,1502029
Volkswagen,Tiguan,2020,154294,otomatik,benzin,2.0,suv,yok,1750429
Toyota,Camry,2023,23748,manuel,dizel,1.6,hatchback,yok,700564
Honda,Accord,2023,197628,otomatik,dizel,1.3,suv,yok,250442
BMW,520i,2022,23008,manuel,benzin,2.0,suv,yok,737549
Mercedes,GLA200,2023,113555,manuel,dizel,1.0,hatchback,yok,1589640
Honda,HR-V,2016,135392,manuel,hybrid,2.0,sedan,yok,678862
Audi,Q7,2022,159887,otomatik,dizel,1.3,hatchback,yok,626901
Ford,Fiesta,2019,35407,otomatik,dizel,1.0,sedan,yok,325876
Volkswagen,Tiguan,2016,112758,otomatik,elektrik,2.0,sedan,var,687635
Honda,HR-V,2016,116391,otomatik,dizel,1.6,hatchback,var,100000
Volkswagen,Polo,2017,178885,otomatik,benzin,1.3,sedan,var,1331090
Ford,Puma,2020,3362,otomatik,dizel,1.6,hatchback,yok,126075
Ford,Puma,2021,198028,otomatik,hybrid,1.5,suv,yok,1760668
Fiat,500X,2020,190941,manuel,benzin,1.0,hatchback,yok,1621747
Fiat,500,2016,175136,otomatik,dizel,1.3,sedan,yok,1230091
BMW,520i,2023,144737,manuel,benzin,1.4,suv,yok,755794
Ford,Kuga,2015,139570,otomatik,elektrik,1.5,suv,var,1248250
Mercedes,C180,2022,182270,otomatik,elektrik,1.5,hatchback,yok,1467365
Renault,Megane,2018,298,otomatik,dizel,1.5,suv,yok,1693568
Renault,Clio,2020,164544,otomatik,benzin,2.0,hatchback,yok,1039470
Hyundai,i20,2016,190180,otomatik,hybrid,2.0,sedan,var,1302099
Audi,A6,2017,9963,otomatik,dizel,1.5,sedan,yok,311662
Mercedes,A180,2016,105201,manuel,hybrid,1.5,sedan,yok,633421
Mercedes,E250,2016,54951,otomatik,benzin,1.6,hatchback,yok,753282
Renault,Kadjar,2017,150425,manuel,benzin,1.6,sedan,var,912920
Toyota,Camry,2015,56446,manuel,hybrid,1.4,sedan,yok,899431
Volkswagen,Passat,2020,149258,manuel,benzin,1.0,suv,yok,493330
Volkswagen,Arteon,2015,47907,otomatik,dizel,1.6,hatchback,yok,100000
Renault,Clio,2022,181936,manuel,dizel,1.0,sedan,yok,763096
Fiat,500,2016,139114,otomatik,elektrik,1.5,suv,yok,413615
Honda,Accord,2020,103157,otomatik,dizel,1.3,hatchback,yok,1181354
Toyota,Corolla,2016,190281,otomatik,benzin,1.3,sedan,yok,1461290
Mercedes,A180,2015,63330,otomatik,benzin,1.5,hatchback,yok,296489
Honda,HR-V,2019,182953,manuel,dizel,1.3,sedan,yok,869143
BMW,X5,2020,113323,otomatik,benzin,1.6,hatchback,var,1434875
Honda,Accord,2019,43893,otomatik,dizel,2.0,hatchback,yok,580967
Fiat,Tipo,2023,132234,otomatik,dizel,1.5,sedan,yok,328870
Renault,Kadjar,2018,174216,otomatik,benzin,2.0,sedan,var,100000
Renault,Megane,2022,71921,manuel,dizel,1.0,sedan,var,1001017
Fiat,500X,2017,174394,otomatik,benzin,1.0,suv,yok,329108
Toyota,Corolla,2016,196092,manuel,hybrid,1.5,suv,yok,1404912
Mercedes,GLA200,2016,180142,manuel,dizel,1.6,hatchback,yok,1271387
Ford,Mondeo,2018,18249,manuel,benzin,1.5,suv,var,1082059
Mercedes,E250,2017,173590,otomatik,elektrik,1.0,hatchback,yok,325691
Audi,A6,2016,120826,otomatik,elektrik,1.5,sedan,yok,1136558
